[
  {
    "name": "theme_info",
    "theme_name": "Karen Phytoplankton",
    "theme_version": "1.0.0",
    "theme_author": "Karen Phytoplankton",
    "theme_documentation_url": "",
    "theme_support_url": ""
  },
  {
    "name": "Colors",
    "settings": [
      {
        "type": "header",
        "content": "Primary Colors"
      },
      {
        "type": "color",
        "id": "color_primary",
        "label": "Primary Color",
        "default": "#194819"
      },
      {
        "type": "color",
        "id": "color_secondary",
        "label": "Secondary Color",
        "default": "#e9c37a"
      },
      {
        "type": "color",
        "id": "color_background",
        "label": "Background Color",
        "default": "#f5e6c4"
      },
      {
        "type": "color",
        "id": "color_text",
        "label": "Text Color",
        "default": "#194819"
      }
    ]
  },
  {
    "name": "Typography",
    "settings": [
      {
        "type": "header",
        "content": "Font Settings"
      },
      {
        "type": "font_picker",
        "id": "font_heading",
        "label": "Heading Font",
        "default": "dancing_script_n4"
      },
      {
        "type": "font_picker",
        "id": "font_body",
        "label": "Body Font",
        "default": "poppins_n4"
      }
    ]
  },
  {
    "name": "Social Media",
    "settings": [
      {
        "type": "header",
        "content": "Social Accounts"
      },
      {
        "type": "text",
        "id": "social_facebook",
        "label": "Facebook",
        "info": "https://facebook.com/yourusername"
      },
      {
        "type": "text",
        "id": "social_instagram",
        "label": "Instagram",
        "info": "https://instagram.com/yourusername"
      },
      {
        "type": "text",
        "id": "social_twitter",
        "label": "Twitter",
        "info": "https://twitter.com/yourusername"
      },
      {
        "type": "text",
        "id": "social_pinterest",
        "label": "Pinterest",
        "info": "https://pinterest.com/yourusername"
      },
      {
        "type": "text",
        "id": "social_youtube",
        "label": "YouTube",
        "info": "https://youtube.com/yourchannel"
      }
    ]
  },
  {
    "name": "Favicon",
    "settings": [
      {
        "type": "image_picker",
        "id": "favicon",
        "label": "Favicon image",
        "info": "Will be scaled down to 32 x 32px"
      }
    ]
  }
]
